{"cameraMode":{"drawMode":0,"name":"Shaded","section":"Shading Mode"},"sceneLighting":false,"audioPlay":false,"sceneViewState":{"showFog":false,"showMaterialUpdate":false,"showSkybox":false,"showFlares":false,"showImageEffects":false,"showParticleSystems":false},"in2DMode":false,"pivot":{"x":1.4910000562667847,"y":1.6428831815719605,"z":-2.312000036239624},"rotation":{"x":0.06050300598144531,"y":0.8552573919296265,"z":-0.10260514169931412,"w":0.504327654838562},"size":1.0369408130645753,"orthographic":false}