{"cameraMode":{"drawMode":0,"name":"Shaded","section":"Shading Mode"},"sceneLighting":false,"audioPlay":false,"sceneViewState":{"showFog":false,"showMaterialUpdate":false,"showSkybox":false,"showFlares":false,"showImageEffects":false,"showParticleSystems":false},"in2DMode":false,"pivot":{"x":2.16934871673584,"y":6.0794477462768559,"z":-0.848790168762207},"rotation":{"x":-0.1461637169122696,"y":0.7103093862533569,"z":-0.15474195778369904,"w":-0.6709333658218384},"size":49.98902893066406,"orthographic":true}