{"cameraMode":{"drawMode":0,"name":"Shaded","section":"Shading Mode"},"sceneLighting":false,"audioPlay":false,"sceneViewState":{"showFog":true,"showMaterialUpdate":false,"showSkybox":true,"showFlares":true,"showImageEffects":true,"showParticleSystems":true},"in2DMode":false,"pivot":{"x":0.00006103515625,"y":0.034423828125,"z":0.61834716796875},"rotation":{"x":-0.23230969905853272,"y":-0.410454660654068,"z":0.10897009819746018,"w":-0.8750340938568115},"size":0.10378125309944153,"orthographic":true}