{"cameraMode":{"drawMode":0,"name":"Shaded","section":"Shading Mode"},"sceneLighting":true,"audioPlay":false,"sceneViewState":{"showFog":false,"showMaterialUpdate":false,"showSkybox":false,"showFlares":false,"showImageEffects":false,"showParticleSystems":false},"in2DMode":false,"pivot":{"x":2.996464729309082,"y":3.4635026454925539,"z":0.8153836131095886},"rotation":{"x":-0.24266216158866883,"y":0.6050111651420593,"z":-0.200760155916214,"w":-0.7312811017036438},"size":0.46716272830963137,"orthographic":false}